[{
  "_id": {
    "$oid": "6056075978f3240015394cb4"
  },
  "title": "Galeri Gambar Tugas 2 Kecerdasan Buatan",
  "date": {
    "$date": "2021-03-20T14:31:53.651Z"
  },
  "description": "Gambar lebih jelas untuk tugas 2.",
  "coverFilename": "breadth-first-search",
  "markdown": "## Berikut gambar lebih lengkap dan jelas (bisa diklik kanan -> open image agar lebih jelas)\r\n\r\n## Breadth first search\r\n<img src=\"https://storage.googleapis.com/zydhan-web.appspot.com/breadth-first-search.webp\" alt=\"Breadth first search\"></img>\r\n## Iterative Deepening Search (Batas Kedalaman 1)\r\n<img src=\"https://storage.googleapis.com/zydhan-web.appspot.com/ids-depth-1.webp\" alt=\"IDS Batas 1\"></img>\r\n## Iterative Deepening Search (Batas Kedalaman 2)\r\n<img src=\"https://storage.googleapis.com/zydhan-web.appspot.com/ids-depth-2.webp\" alt=\"IDS Batas 2\"></img>\r\n## Iterative Deepening Search (Batas Kedalaman 3)\r\n<img src=\"https://storage.googleapis.com/zydhan-web.appspot.com/ids-depth-3.webp\" alt=\"IDS Batas 3\"></img>\r\n## Iterative Deepening Search (Batas Kedalaman 4)\r\n<img src=\"https://storage.googleapis.com/zydhan-web.appspot.com/ids-depth-4.webp\" alt=\"IDS Batas 4\"></img>\r\n## Iterative Deepening Search (Batas Kedalaman 5)\r\n<img src=\"https://storage.googleapis.com/zydhan-web.appspot.com/ids-depth-5.webp\" alt=\"IDS Batas 5\"></img>\r\n## Bidirectional dari start\r\n<img src=\"https://storage.googleapis.com/zydhan-web.appspot.com/bidirectional-search-from-start.webp\" alt=\"Bidirectional dari start\"></img>\r\n## Bidirectional dari goal\r\n<img src=\"https://storage.googleapis.com/zydhan-web.appspot.com/bidirectional-search-from-goal.webp\" alt=\"Bidirectional dari goal\"></img>",
  "author": "6039c9bfd4eb1e44ec27d057",
  "slug": "galeri-gambar-tugas-2-kecerdasan-buatan",
  "sanitizedHtml": "<h2 id=\"berikut-gambar-lebih-lengkap-dan-jelas-bisa-diklik-kanan---open-image-agar-lebih-jelas\">Berikut gambar lebih lengkap dan jelas (bisa diklik kanan -&gt; open image agar lebih jelas)</h2>\n<h2 id=\"breadth-first-search\">Breadth first search</h2>\n<p><img alt=\"Breadth first search\" src=\"https://storage.googleapis.com/zydhan-web.appspot.com/breadth-first-search.webp\"></p>\n<h2 id=\"iterative-deepening-search-batas-kedalaman-1\">Iterative Deepening Search (Batas Kedalaman 1)</h2>\n<p><img alt=\"IDS Batas 1\" src=\"https://storage.googleapis.com/zydhan-web.appspot.com/ids-depth-1.webp\"></p>\n<h2 id=\"iterative-deepening-search-batas-kedalaman-2\">Iterative Deepening Search (Batas Kedalaman 2)</h2>\n<p><img alt=\"IDS Batas 2\" src=\"https://storage.googleapis.com/zydhan-web.appspot.com/ids-depth-2.webp\"></p>\n<h2 id=\"iterative-deepening-search-batas-kedalaman-3\">Iterative Deepening Search (Batas Kedalaman 3)</h2>\n<p><img alt=\"IDS Batas 3\" src=\"https://storage.googleapis.com/zydhan-web.appspot.com/ids-depth-3.webp\"></p>\n<h2 id=\"iterative-deepening-search-batas-kedalaman-4\">Iterative Deepening Search (Batas Kedalaman 4)</h2>\n<p><img alt=\"IDS Batas 4\" src=\"https://storage.googleapis.com/zydhan-web.appspot.com/ids-depth-4.webp\"></p>\n<h2 id=\"iterative-deepening-search-batas-kedalaman-5\">Iterative Deepening Search (Batas Kedalaman 5)</h2>\n<p><img alt=\"IDS Batas 5\" src=\"https://storage.googleapis.com/zydhan-web.appspot.com/ids-depth-5.webp\"></p>\n<h2 id=\"bidirectional-dari-start\">Bidirectional dari start</h2>\n<p><img alt=\"Bidirectional dari start\" src=\"https://storage.googleapis.com/zydhan-web.appspot.com/bidirectional-search-from-start.webp\"></p>\n<h2 id=\"bidirectional-dari-goal\">Bidirectional dari goal</h2>\n<p><img alt=\"Bidirectional dari goal\" src=\"https://storage.googleapis.com/zydhan-web.appspot.com/bidirectional-search-from-goal.webp\"></p>\n"
},{
  "_id": {
    "$oid": "60633c0d74dcf8001514b752"
  },
  "title": "Kode Program Tugas 3 Kecerdasan Buatan E",
  "date": {
    "$date": "2021-03-30T14:56:13.150Z"
  },
  "description": "Kode lengkap",
  "coverFilename": "gambar-biner",
  "markdown": "## 1.  Greedy Best First Search (Python 3)\r\n\r\n```py\r\nimport heapq\r\nfrom io import TextIOWrapper\r\n\r\ngoal = [[0, 1, 2], [3, 4, 5], [6, 7, 8]]\r\ngoal_num_position: dict[int, tuple[int, int]] = dict()\r\n\r\nfor i in range(0, len(goal)):\r\n    for j in range(0, len(goal[i])):\r\n        goal_num_position[goal[i][j]] = (i, j)\r\n\r\nclass Puzzle:\r\n    def __init__(self, board, heuristic_val, zero_pos, moves) -> None:\r\n        self.board = board\r\n        self.heuristic_val = heuristic_val\r\n        self.zero_pos = zero_pos\r\n        self.moves = moves\r\n\r\n    def __lt__(self, other):\r\n        return self.heuristic_val < other.heuristic_val\r\n\r\ndef heuristic_value(board: list[list[int]]) -> int:\r\n    sum = 0\r\n    \r\n    for i in range(0, len(board)):\r\n        for j in range(0, len(board[i])):\r\n            sum += abs(i - goal_num_position[board[i][j]][0]) + abs(i - goal_num_position[board[i][j]][1])\r\n\r\n    return sum\r\n\r\nmovements: dict[str, tuple[int, int]] = {\r\n    \"u\": (-1, 0),\r\n    \"r\": (0, 1),\r\n    \"d\": (1, 0),\r\n    \"l\": (0, -1),\r\n}\r\n\r\ndef isMovable(puzzle: Puzzle, movement: str) -> bool:\r\n    zero_pos: tuple[int, int] = puzzle.zero_pos\r\n    move_y: int = zero_pos[0] + movements[movement][0]\r\n    move_x: int = zero_pos[1] + movements[movement][1]\r\n\r\n    return (move_y in range(0, 3)) and (move_x in range(0, 3))\r\n\r\ndef getZeroPos(board: list[list[int]]) -> tuple[int, int]:\r\n    for i in range(0, len(board)):\r\n        for j in range(0, len(board[i])):\r\n            if(board[i][j] == 0):\r\n                return (i, j)\r\n    return tuple()\r\n\r\ndef copy_board(old: list[list[int]], new: list[list[int]]):\r\n    for i in range(0, 3):\r\n        new.append(old[i].copy())\r\n\r\ndef is_board_equal(b1: list[list[int]], b2: list[list[int]]) -> bool:\r\n    for i in range(0, 3):\r\n        for j in range(0, 3):\r\n            if b1[i][j] != b2[i][j]:\r\n                return False\r\n    return True\r\n\r\ndef movepuzzle(puzzle: Puzzle, movement: str) -> Puzzle:\r\n    if not isMovable(puzzle, movement):\r\n        raise Exception(\"Not movable\")\r\n    \r\n    # Parsing tuple\r\n    board: list[list[int]] = list()\r\n    copy_board(puzzle.board, board)\r\n    heuristic_val = puzzle.heuristic_val\r\n    zero_pos = puzzle.zero_pos\r\n    prev_moves = puzzle.moves\r\n\r\n    zero_y = zero_pos[0]\r\n    zero_x = zero_pos[1]\r\n    target_y = zero_y + movements[movement][0]\r\n    target_x = zero_x + movements[movement][1]\r\n    target = board[target_y][target_x]\r\n\r\n    # Swap\r\n    heuristic_val -= (abs(target_y - goal_num_position[target][0]) + abs(target_x - goal_num_position[target][1]))\r\n    heuristic_val += (abs(zero_y - goal_num_position[target][0]) + abs(zero_x - goal_num_position[target][1]))\r\n    board[zero_y][zero_x], board[target_y][target_x] = board[target_y][target_x], board[zero_y][zero_x]\r\n    zero_pos = (target_y, target_x)\r\n    prev_moves += movement\r\n\r\n    # Assign new\r\n\r\n    return Puzzle(board, heuristic_val, zero_pos, prev_moves)\r\n\r\ndef print_board(board: list[list[int]], file: TextIOWrapper):\r\n    for i in range(0, len(board)):\r\n        file.write(\" \".join(str(bil) for bil in board[i]))\r\n        file.write(\"\\n\")\r\n\r\ndef does_it_move_backward(prev_moves: str, next_move: str) -> bool:\r\n    if(len(prev_moves) == 0):\r\n        return False\r\n    \r\n    latest_move = prev_moves[len(prev_moves) - 1]\r\n    opposite: dict[str, str] = {\r\n        \"u\": \"d\",\r\n        \"d\": \"u\",\r\n        \"l\": \"r\",\r\n        \"r\": \"l\"\r\n    }\r\n\r\n    return latest_move == opposite[latest_move]\r\n\r\ndef stringify_board(board: list[list[int]]) -> str:\r\n    ret = str()\r\n\r\n    for i in range(0, 3):\r\n        for j in range(0, 3):\r\n            ret += str(board[i][j])\r\n    return ret\r\n\r\nboard = [[7, 2, 4], [5, 0, 6], [8, 3, 1]]\r\nzero_pos: tuple[int, int] = getZeroPos(board)\r\npuzzle: Puzzle = Puzzle(board, heuristic_value(board), zero_pos, \"\")\r\n\r\n\r\n# print(puzzle.heuristic_val)\r\n# print(zero_pos)\r\n# print_board(puzzle.board)\r\n# print()\r\n\r\n# puzzle = movepuzzle(puzzle, \"r\")\r\n# print(puzzle.heuristic_val)\r\n# print(puzzle.zero_pos)\r\n# print_board(puzzle.board)\r\n# print()\r\n\r\n# puzzle = movepuzzle(puzzle, \"u\")\r\n# print(puzzle.heuristic_val)\r\n# print(puzzle.zero_pos)\r\n# print_board(puzzle.board)\r\n\r\n# Do greedy\r\npqueue: list[Puzzle] = [puzzle]\r\nheapq.heapify(pqueue)\r\nvisited: set[str] = set()\r\nexplored = 0\r\n\r\nfile = open(\"output.txt\", \"w\")\r\npath_to_goal = str()\r\n\r\nwhile len(pqueue) > 0:\r\n    explored += 1\r\n    curr_puzzle: Puzzle = heapq.heappop(pqueue)\r\n    visited.add(stringify_board(curr_puzzle.board))\r\n\r\n    file.write(\"Current puzzle: \\n\")\r\n    file.write(str(curr_puzzle.heuristic_val) + '\\n')\r\n    print_board(curr_puzzle.board, file)\r\n    # file.write()\r\n\r\n    if curr_puzzle.heuristic_val == 0:\r\n        path_to_goal = curr_puzzle.moves\r\n        file.write(curr_puzzle.moves+ '\\n')\r\n        break\r\n    \r\n    for move in movements:\r\n        if isMovable(curr_puzzle, move) and not does_it_move_backward(curr_puzzle.moves, move):\r\n            next_puzzle = movepuzzle(curr_puzzle, move)\r\n\r\n            if stringify_board(next_puzzle.board) not in visited:\r\n                heapq.heappush(pqueue, next_puzzle)\r\n\r\nfile.write(str(explored) + \" node explored.\\n\")\r\n\r\nfile.close()\r\n\r\nfile = open(\"path_to_goal_astar.txt\", \"w\")\r\nfile.write(\"Path to goal :\\n\")\r\nit = 1\r\nfor i in path_to_goal:\r\n    file.write(\"Gerakan ke-\" + str(it) + \":\\n\")\r\n    it += 1\r\n    puzzle = movepuzzle(puzzle, i)\r\n    print_board(puzzle.board, file)\r\n    file.write('\\n')\r\n```\r\n\r\n## 2. A* Search (Python 3)\r\n\r\n```python\r\nimport heapq\r\nfrom io import TextIOWrapper\r\n\r\ngoal = [[0, 1, 2], [3, 4, 5], [6, 7, 8]]\r\ngoal_num_position: dict[int, tuple[int, int]] = dict()\r\n\r\nfor i in range(0, len(goal)):\r\n    for j in range(0, len(goal[i])):\r\n        goal_num_position[goal[i][j]] = (i, j)\r\n\r\nclass Puzzle:\r\n    def __init__(self, board, heuristic_val, dist_from_start, zero_pos, moves) -> None:\r\n        self.board = board\r\n        self.heuristic_val = heuristic_val\r\n        self.zero_pos = zero_pos\r\n        self.moves = moves\r\n        self.dist_from_start = dist_from_start\r\n\r\n    def __lt__(self, other):\r\n        self_fn = self.heuristic_val + self.dist_from_start\r\n        other_fn = other.heuristic_val + other.dist_from_start\r\n        if self_fn == other_fn:\r\n            return self.heuristic_val < other.heuristic_val\r\n        return self_fn < other_fn\r\n\r\ndef heuristic_value(board: list[list[int]]) -> int:\r\n    sum = 0\r\n    \r\n    for i in range(0, len(board)):\r\n        for j in range(0, len(board[i])):\r\n            sum += abs(i - goal_num_position[board[i][j]][0]) + abs(i - goal_num_position[board[i][j]][1])\r\n\r\n    return sum\r\n\r\nmovements: dict[str, tuple[int, int]] = {\r\n    \"u\": (-1, 0),\r\n    \"r\": (0, 1),\r\n    \"d\": (1, 0),\r\n    \"l\": (0, -1),\r\n}\r\n\r\ndef isMovable(puzzle: Puzzle, movement: str) -> bool:\r\n    zero_pos: tuple[int, int] = puzzle.zero_pos\r\n    move_y: int = zero_pos[0] + movements[movement][0]\r\n    move_x: int = zero_pos[1] + movements[movement][1]\r\n\r\n    return (move_y in range(0, 3)) and (move_x in range(0, 3))\r\n\r\ndef getZeroPos(board: list[list[int]]) -> tuple[int, int]:\r\n    for i in range(0, len(board)):\r\n        for j in range(0, len(board[i])):\r\n            if(board[i][j] == 0):\r\n                return (i, j)\r\n    return tuple()\r\n\r\ndef copy_board(old: list[list[int]], new: list[list[int]]):\r\n    for i in range(0, 3):\r\n        new.append(old[i].copy())\r\n\r\ndef is_board_equal(b1: list[list[int]], b2: list[list[int]]) -> bool:\r\n    for i in range(0, 3):\r\n        for j in range(0, 3):\r\n            if b1[i][j] != b2[i][j]:\r\n                return False\r\n    return True\r\n\r\ndef movepuzzle(puzzle: Puzzle, movement: str) -> Puzzle:\r\n    if not isMovable(puzzle, movement):\r\n        raise Exception(\"Not movable\")\r\n    \r\n    # Parsing tuple\r\n    board: list[list[int]] = list()\r\n    copy_board(puzzle.board, board)\r\n    heuristic_val = puzzle.heuristic_val\r\n    zero_pos = puzzle.zero_pos\r\n    prev_moves = puzzle.moves\r\n    dist_from_start = puzzle.dist_from_start\r\n\r\n    zero_y = zero_pos[0]\r\n    zero_x = zero_pos[1]\r\n    target_y = zero_y + movements[movement][0]\r\n    target_x = zero_x + movements[movement][1]\r\n    target = board[target_y][target_x]\r\n\r\n    # Swap\r\n    heuristic_val -= (abs(target_y - goal_num_position[target][0]) + abs(target_x - goal_num_position[target][1]))\r\n    heuristic_val += (abs(zero_y - goal_num_position[target][0]) + abs(zero_x - goal_num_position[target][1]))\r\n    board[zero_y][zero_x], board[target_y][target_x] = board[target_y][target_x], board[zero_y][zero_x]\r\n    zero_pos = (target_y, target_x)\r\n    prev_moves += movement\r\n    dist_from_start += 1\r\n\r\n    # Assign new\r\n\r\n    return Puzzle(board, heuristic_val, dist_from_start, zero_pos, prev_moves)\r\n\r\ndef print_board(board: list[list[int]], file: TextIOWrapper):\r\n    for i in range(0, len(board)):\r\n        file.write(\" \".join(str(bil) for bil in board[i]))\r\n        file.write(\"\\n\")\r\n\r\ndef does_it_move_backward(prev_moves: str, next_move: str) -> bool:\r\n    if(len(prev_moves) == 0):\r\n        return False\r\n    \r\n    latest_move = prev_moves[len(prev_moves) - 1]\r\n    opposite: dict[str, str] = {\r\n        \"u\": \"d\",\r\n        \"d\": \"u\",\r\n        \"l\": \"r\",\r\n        \"r\": \"l\"\r\n    }\r\n\r\n    return latest_move == opposite[latest_move]\r\n\r\ndef stringify_board(board: list[list[int]]) -> str:\r\n    ret = str()\r\n\r\n    for i in range(0, 3):\r\n        for j in range(0, 3):\r\n            ret += str(board[i][j])\r\n    return ret\r\n\r\nboard = [[7, 2, 4], [5, 0, 6], [8, 3, 1]]\r\nzero_pos: tuple[int, int] = getZeroPos(board)\r\npuzzle: Puzzle = Puzzle(board, heuristic_value(board), 0, zero_pos, \"\")\r\n\r\n\r\n# print(puzzle.heuristic_val)\r\n# print(zero_pos)\r\n# print_board(puzzle.board)\r\n# print()\r\n\r\n# puzzle = movepuzzle(puzzle, \"r\")\r\n# print(puzzle.heuristic_val)\r\n# print(puzzle.zero_pos)\r\n# print_board(puzzle.board)\r\n# print()\r\n\r\n# puzzle = movepuzzle(puzzle, \"u\")\r\n# print(puzzle.heuristic_val)\r\n# print(puzzle.zero_pos)\r\n# print_board(puzzle.board)\r\n\r\n# Do greedy\r\npqueue: list[Puzzle] = [puzzle]\r\nheapq.heapify(pqueue)\r\nvisited: set[str] = set()\r\nexplored = 0\r\n\r\nfile = open(\"output-astar.txt\", \"w\")\r\npath_to_goal = str()\r\n\r\nwhile len(pqueue) > 0:\r\n    explored += 1\r\n    curr_puzzle: Puzzle = heapq.heappop(pqueue)\r\n    visited.add(stringify_board(curr_puzzle.board))\r\n\r\n    # file.write(\"Current puzzle: \\n\")\r\n    # file.write(\"H(n): \" + str(curr_puzzle.heuristic_val) + '\\n')\r\n    # file.write(\"F(n): \" + str(curr_puzzle.heuristic_val + curr_puzzle.dist_from_start) + '\\n')\r\n    # print_board(curr_puzzle.board, file)\r\n    # file.write()\r\n\r\n    if curr_puzzle.heuristic_val == 0:\r\n        path_to_goal = curr_puzzle.moves\r\n        # file.write(\"Moves: \" + curr_puzzle.moves+ '\\n')\r\n        break\r\n    \r\n    for move in movements:\r\n        if isMovable(curr_puzzle, move) and not does_it_move_backward(curr_puzzle.moves, move):\r\n            next_puzzle = movepuzzle(curr_puzzle, move)\r\n\r\n            if stringify_board(next_puzzle.board) not in visited:\r\n                heapq.heappush(pqueue, next_puzzle)\r\n\r\nfile.write(str(explored) + \" node explored.\\n\")\r\n\r\nfile.close()\r\n\r\nfile = open(\"path_to_goal_greedy.txt\", \"w\")\r\nfile.write(\"Path to goal :\\n\")\r\nit = 1\r\nfor i in path_to_goal:\r\n    file.write(\"Gerakan ke-\" + str(it) + \":\\n\")\r\n    it += 1\r\n    puzzle = movepuzzle(puzzle, i)\r\n    print_board(puzzle.board, file)\r\n    file.write('\\n')\r\n```",
  "author": "6039c9bfd4eb1e44ec27d057",
  "slug": "kode-program-tugas-3-kecerdasan-buatan-e",
  "sanitizedHtml": "<h2 id=\"1--greedy-best-first-search-python-3\">1.  Greedy Best First Search (Python 3)</h2>\n<pre><code class=\"language-py\">import heapq\nfrom io import TextIOWrapper\n\ngoal = [[0, 1, 2], [3, 4, 5], [6, 7, 8]]\ngoal_num_position: dict[int, tuple[int, int]] = dict()\n\nfor i in range(0, len(goal)):\n    for j in range(0, len(goal[i])):\n        goal_num_position[goal[i][j]] = (i, j)\n\nclass Puzzle:\n    def __init__(self, board, heuristic_val, zero_pos, moves) -&gt; None:\n        self.board = board\n        self.heuristic_val = heuristic_val\n        self.zero_pos = zero_pos\n        self.moves = moves\n\n    def __lt__(self, other):\n        return self.heuristic_val &lt; other.heuristic_val\n\ndef heuristic_value(board: list[list[int]]) -&gt; int:\n    sum = 0\n    \n    for i in range(0, len(board)):\n        for j in range(0, len(board[i])):\n            sum += abs(i - goal_num_position[board[i][j]][0]) + abs(i - goal_num_position[board[i][j]][1])\n\n    return sum\n\nmovements: dict[str, tuple[int, int]] = {\n    \"u\": (-1, 0),\n    \"r\": (0, 1),\n    \"d\": (1, 0),\n    \"l\": (0, -1),\n}\n\ndef isMovable(puzzle: Puzzle, movement: str) -&gt; bool:\n    zero_pos: tuple[int, int] = puzzle.zero_pos\n    move_y: int = zero_pos[0] + movements[movement][0]\n    move_x: int = zero_pos[1] + movements[movement][1]\n\n    return (move_y in range(0, 3)) and (move_x in range(0, 3))\n\ndef getZeroPos(board: list[list[int]]) -&gt; tuple[int, int]:\n    for i in range(0, len(board)):\n        for j in range(0, len(board[i])):\n            if(board[i][j] == 0):\n                return (i, j)\n    return tuple()\n\ndef copy_board(old: list[list[int]], new: list[list[int]]):\n    for i in range(0, 3):\n        new.append(old[i].copy())\n\ndef is_board_equal(b1: list[list[int]], b2: list[list[int]]) -&gt; bool:\n    for i in range(0, 3):\n        for j in range(0, 3):\n            if b1[i][j] != b2[i][j]:\n                return False\n    return True\n\ndef movepuzzle(puzzle: Puzzle, movement: str) -&gt; Puzzle:\n    if not isMovable(puzzle, movement):\n        raise Exception(\"Not movable\")\n    \n    # Parsing tuple\n    board: list[list[int]] = list()\n    copy_board(puzzle.board, board)\n    heuristic_val = puzzle.heuristic_val\n    zero_pos = puzzle.zero_pos\n    prev_moves = puzzle.moves\n\n    zero_y = zero_pos[0]\n    zero_x = zero_pos[1]\n    target_y = zero_y + movements[movement][0]\n    target_x = zero_x + movements[movement][1]\n    target = board[target_y][target_x]\n\n    # Swap\n    heuristic_val -= (abs(target_y - goal_num_position[target][0]) + abs(target_x - goal_num_position[target][1]))\n    heuristic_val += (abs(zero_y - goal_num_position[target][0]) + abs(zero_x - goal_num_position[target][1]))\n    board[zero_y][zero_x], board[target_y][target_x] = board[target_y][target_x], board[zero_y][zero_x]\n    zero_pos = (target_y, target_x)\n    prev_moves += movement\n\n    # Assign new\n\n    return Puzzle(board, heuristic_val, zero_pos, prev_moves)\n\ndef print_board(board: list[list[int]], file: TextIOWrapper):\n    for i in range(0, len(board)):\n        file.write(\" \".join(str(bil) for bil in board[i]))\n        file.write(\"\\n\")\n\ndef does_it_move_backward(prev_moves: str, next_move: str) -&gt; bool:\n    if(len(prev_moves) == 0):\n        return False\n    \n    latest_move = prev_moves[len(prev_moves) - 1]\n    opposite: dict[str, str] = {\n        \"u\": \"d\",\n        \"d\": \"u\",\n        \"l\": \"r\",\n        \"r\": \"l\"\n    }\n\n    return latest_move == opposite[latest_move]\n\ndef stringify_board(board: list[list[int]]) -&gt; str:\n    ret = str()\n\n    for i in range(0, 3):\n        for j in range(0, 3):\n            ret += str(board[i][j])\n    return ret\n\nboard = [[7, 2, 4], [5, 0, 6], [8, 3, 1]]\nzero_pos: tuple[int, int] = getZeroPos(board)\npuzzle: Puzzle = Puzzle(board, heuristic_value(board), zero_pos, \"\")\n\n\n# print(puzzle.heuristic_val)\n# print(zero_pos)\n# print_board(puzzle.board)\n# print()\n\n# puzzle = movepuzzle(puzzle, \"r\")\n# print(puzzle.heuristic_val)\n# print(puzzle.zero_pos)\n# print_board(puzzle.board)\n# print()\n\n# puzzle = movepuzzle(puzzle, \"u\")\n# print(puzzle.heuristic_val)\n# print(puzzle.zero_pos)\n# print_board(puzzle.board)\n\n# Do greedy\npqueue: list[Puzzle] = [puzzle]\nheapq.heapify(pqueue)\nvisited: set[str] = set()\nexplored = 0\n\nfile = open(\"output.txt\", \"w\")\npath_to_goal = str()\n\nwhile len(pqueue) &gt; 0:\n    explored += 1\n    curr_puzzle: Puzzle = heapq.heappop(pqueue)\n    visited.add(stringify_board(curr_puzzle.board))\n\n    file.write(\"Current puzzle: \\n\")\n    file.write(str(curr_puzzle.heuristic_val) + '\\n')\n    print_board(curr_puzzle.board, file)\n    # file.write()\n\n    if curr_puzzle.heuristic_val == 0:\n        path_to_goal = curr_puzzle.moves\n        file.write(curr_puzzle.moves+ '\\n')\n        break\n    \n    for move in movements:\n        if isMovable(curr_puzzle, move) and not does_it_move_backward(curr_puzzle.moves, move):\n            next_puzzle = movepuzzle(curr_puzzle, move)\n\n            if stringify_board(next_puzzle.board) not in visited:\n                heapq.heappush(pqueue, next_puzzle)\n\nfile.write(str(explored) + \" node explored.\\n\")\n\nfile.close()\n\nfile = open(\"path_to_goal_astar.txt\", \"w\")\nfile.write(\"Path to goal :\\n\")\nit = 1\nfor i in path_to_goal:\n    file.write(\"Gerakan ke-\" + str(it) + \":\\n\")\n    it += 1\n    puzzle = movepuzzle(puzzle, i)\n    print_board(puzzle.board, file)\n    file.write('\\n')\n</code></pre>\n<h2 id=\"2-a-search-python-3\">2. A* Search (Python 3)</h2>\n<pre><code class=\"language-python\">import heapq\nfrom io import TextIOWrapper\n\ngoal = [[0, 1, 2], [3, 4, 5], [6, 7, 8]]\ngoal_num_position: dict[int, tuple[int, int]] = dict()\n\nfor i in range(0, len(goal)):\n    for j in range(0, len(goal[i])):\n        goal_num_position[goal[i][j]] = (i, j)\n\nclass Puzzle:\n    def __init__(self, board, heuristic_val, dist_from_start, zero_pos, moves) -&gt; None:\n        self.board = board\n        self.heuristic_val = heuristic_val\n        self.zero_pos = zero_pos\n        self.moves = moves\n        self.dist_from_start = dist_from_start\n\n    def __lt__(self, other):\n        self_fn = self.heuristic_val + self.dist_from_start\n        other_fn = other.heuristic_val + other.dist_from_start\n        if self_fn == other_fn:\n            return self.heuristic_val &lt; other.heuristic_val\n        return self_fn &lt; other_fn\n\ndef heuristic_value(board: list[list[int]]) -&gt; int:\n    sum = 0\n    \n    for i in range(0, len(board)):\n        for j in range(0, len(board[i])):\n            sum += abs(i - goal_num_position[board[i][j]][0]) + abs(i - goal_num_position[board[i][j]][1])\n\n    return sum\n\nmovements: dict[str, tuple[int, int]] = {\n    \"u\": (-1, 0),\n    \"r\": (0, 1),\n    \"d\": (1, 0),\n    \"l\": (0, -1),\n}\n\ndef isMovable(puzzle: Puzzle, movement: str) -&gt; bool:\n    zero_pos: tuple[int, int] = puzzle.zero_pos\n    move_y: int = zero_pos[0] + movements[movement][0]\n    move_x: int = zero_pos[1] + movements[movement][1]\n\n    return (move_y in range(0, 3)) and (move_x in range(0, 3))\n\ndef getZeroPos(board: list[list[int]]) -&gt; tuple[int, int]:\n    for i in range(0, len(board)):\n        for j in range(0, len(board[i])):\n            if(board[i][j] == 0):\n                return (i, j)\n    return tuple()\n\ndef copy_board(old: list[list[int]], new: list[list[int]]):\n    for i in range(0, 3):\n        new.append(old[i].copy())\n\ndef is_board_equal(b1: list[list[int]], b2: list[list[int]]) -&gt; bool:\n    for i in range(0, 3):\n        for j in range(0, 3):\n            if b1[i][j] != b2[i][j]:\n                return False\n    return True\n\ndef movepuzzle(puzzle: Puzzle, movement: str) -&gt; Puzzle:\n    if not isMovable(puzzle, movement):\n        raise Exception(\"Not movable\")\n    \n    # Parsing tuple\n    board: list[list[int]] = list()\n    copy_board(puzzle.board, board)\n    heuristic_val = puzzle.heuristic_val\n    zero_pos = puzzle.zero_pos\n    prev_moves = puzzle.moves\n    dist_from_start = puzzle.dist_from_start\n\n    zero_y = zero_pos[0]\n    zero_x = zero_pos[1]\n    target_y = zero_y + movements[movement][0]\n    target_x = zero_x + movements[movement][1]\n    target = board[target_y][target_x]\n\n    # Swap\n    heuristic_val -= (abs(target_y - goal_num_position[target][0]) + abs(target_x - goal_num_position[target][1]))\n    heuristic_val += (abs(zero_y - goal_num_position[target][0]) + abs(zero_x - goal_num_position[target][1]))\n    board[zero_y][zero_x], board[target_y][target_x] = board[target_y][target_x], board[zero_y][zero_x]\n    zero_pos = (target_y, target_x)\n    prev_moves += movement\n    dist_from_start += 1\n\n    # Assign new\n\n    return Puzzle(board, heuristic_val, dist_from_start, zero_pos, prev_moves)\n\ndef print_board(board: list[list[int]], file: TextIOWrapper):\n    for i in range(0, len(board)):\n        file.write(\" \".join(str(bil) for bil in board[i]))\n        file.write(\"\\n\")\n\ndef does_it_move_backward(prev_moves: str, next_move: str) -&gt; bool:\n    if(len(prev_moves) == 0):\n        return False\n    \n    latest_move = prev_moves[len(prev_moves) - 1]\n    opposite: dict[str, str] = {\n        \"u\": \"d\",\n        \"d\": \"u\",\n        \"l\": \"r\",\n        \"r\": \"l\"\n    }\n\n    return latest_move == opposite[latest_move]\n\ndef stringify_board(board: list[list[int]]) -&gt; str:\n    ret = str()\n\n    for i in range(0, 3):\n        for j in range(0, 3):\n            ret += str(board[i][j])\n    return ret\n\nboard = [[7, 2, 4], [5, 0, 6], [8, 3, 1]]\nzero_pos: tuple[int, int] = getZeroPos(board)\npuzzle: Puzzle = Puzzle(board, heuristic_value(board), 0, zero_pos, \"\")\n\n\n# print(puzzle.heuristic_val)\n# print(zero_pos)\n# print_board(puzzle.board)\n# print()\n\n# puzzle = movepuzzle(puzzle, \"r\")\n# print(puzzle.heuristic_val)\n# print(puzzle.zero_pos)\n# print_board(puzzle.board)\n# print()\n\n# puzzle = movepuzzle(puzzle, \"u\")\n# print(puzzle.heuristic_val)\n# print(puzzle.zero_pos)\n# print_board(puzzle.board)\n\n# Do greedy\npqueue: list[Puzzle] = [puzzle]\nheapq.heapify(pqueue)\nvisited: set[str] = set()\nexplored = 0\n\nfile = open(\"output-astar.txt\", \"w\")\npath_to_goal = str()\n\nwhile len(pqueue) &gt; 0:\n    explored += 1\n    curr_puzzle: Puzzle = heapq.heappop(pqueue)\n    visited.add(stringify_board(curr_puzzle.board))\n\n    # file.write(\"Current puzzle: \\n\")\n    # file.write(\"H(n): \" + str(curr_puzzle.heuristic_val) + '\\n')\n    # file.write(\"F(n): \" + str(curr_puzzle.heuristic_val + curr_puzzle.dist_from_start) + '\\n')\n    # print_board(curr_puzzle.board, file)\n    # file.write()\n\n    if curr_puzzle.heuristic_val == 0:\n        path_to_goal = curr_puzzle.moves\n        # file.write(\"Moves: \" + curr_puzzle.moves+ '\\n')\n        break\n    \n    for move in movements:\n        if isMovable(curr_puzzle, move) and not does_it_move_backward(curr_puzzle.moves, move):\n            next_puzzle = movepuzzle(curr_puzzle, move)\n\n            if stringify_board(next_puzzle.board) not in visited:\n                heapq.heappush(pqueue, next_puzzle)\n\nfile.write(str(explored) + \" node explored.\\n\")\n\nfile.close()\n\nfile = open(\"path_to_goal_greedy.txt\", \"w\")\nfile.write(\"Path to goal :\\n\")\nit = 1\nfor i in path_to_goal:\n    file.write(\"Gerakan ke-\" + str(it) + \":\\n\")\n    it += 1\n    puzzle = movepuzzle(puzzle, i)\n    print_board(puzzle.board, file)\n    file.write('\\n')\n</code></pre>\n"
},{
  "_id": {
    "$oid": "60cb20254f13e80015238681"
  },
  "title": "Rangkuman Probabilitas dan Statistik",
  "date": {
    "$date": "2021-06-17T10:12:53.367Z"
  },
  "description": "Rangkuman untuk Materi Kuis ke-(?)",
  "coverFilename": "gambar-biner",
  "markdown": "# Distribusi Normal\r\n\r\n## Rumus\r\n\r\n![Rumus utama](https://cdn.discordapp.com/attachments/799467863823220776/855009077154021376/unknown.png)\r\n\r\n![Density](https://cdn.discordapp.com/attachments/799467863823220776/855009179907129374/unknown.png)\r\n\r\n![Keterangan](https://cdn.discordapp.com/attachments/799467863823220776/855009251179888670/unknown.png)\r\n\r\n## Tambahan\r\n\r\n- [Tabel distribusi normal](https://drive.google.com/file/d/1y4mL-ygqAgbvr_lab4S04aZwtDELOJIS/view?usp=sharing)\r\n",
  "author": "6039c9bfd4eb1e44ec27d057",
  "slug": "rangkuman-probabilitas-dan-statistik",
  "sanitizedHtml": "<h1 id=\"distribusi-normal\">Distribusi Normal</h1>\n<h2 id=\"rumus\">Rumus</h2>\n<p><img alt=\"Rumus utama\" src=\"https://cdn.discordapp.com/attachments/799467863823220776/855009077154021376/unknown.png\"></p>\n<p><img alt=\"Density\" src=\"https://cdn.discordapp.com/attachments/799467863823220776/855009179907129374/unknown.png\"></p>\n<p><img alt=\"Keterangan\" src=\"https://cdn.discordapp.com/attachments/799467863823220776/855009251179888670/unknown.png\"></p>\n<h2 id=\"tambahan\">Tambahan</h2>\n<ul>\n<li><a href=\"https://drive.google.com/file/d/1y4mL-ygqAgbvr_lab4S04aZwtDELOJIS/view?usp=sharing\">Tabel distribusi normal</a></li>\n</ul>\n"
},{
  "_id": {
    "$oid": "60e666c8a7123d7543f19d0c"
  },
  "title": "Catatan EAS Probabilistik",
  "date": {
    "$date": "2021-07-08T02:45:28.880Z"
  },
  "description": "Biar dapet 100",
  "coverFilename": "gambar-biner",
  "markdown": "# Uji Z untuk Mean (stddev diketahui) (kalau stddev tidak diketahui, ganti Z dengan t)\r\n\r\n## Nilai kritikal ditentukan oleh alpha (level signifikan). untuk alpha default = 0.05, nilai kritikal 1.645 (Lihat normal table)\r\n\r\nUntuk two-tail, nilai alpha dibagi dua. By default kritikal di kiri -1.96, di kanan 1.96\r\n\r\n![Uji Z (one-tail) untuk Mean (stddev diketahui)](https://storage.googleapis.com/zydhan-web.appspot.com/uji-z-one-tail-untuk-mean-stddev-diketahui.webp)\r\n\r\n![Uji Z (one-tail) untuk Mean (stddev tidak diketahui)](https://storage.googleapis.com/zydhan-web.appspot.com/t-value.webp)\r\n\r\n## Rejection region\r\n\r\n![One-tail rejection region](https://storage.googleapis.com/zydhan-web.appspot.com/rejection-region-1.webp)\r\n\r\n## Uji p-value\r\n\r\nTinggal test saja apakah P(Z) >= alpha. Kalo iya, h0 diterima.\r\n\r\n## Confidence interval (kalau stddev tidak diketahui, ganti Z dengan t)\r\n\r\n![Confidence interval diketahui](https://storage.googleapis.com/zydhan-web.appspot.com/confidence-interval.webp)",
  "author": "6039c9bfd4eb1e44ec27d057",
  "slug": "catatan-eas-probabilistik",
  "sanitizedHtml": "<h1 id=\"uji-z-untuk-mean-stddev-diketahui-kalau-stddev-tidak-diketahui-ganti-z-dengan-t\">Uji Z untuk Mean (stddev diketahui) (kalau stddev tidak diketahui, ganti Z dengan t)</h1>\n<h2 id=\"nilai-kritikal-ditentukan-oleh-alpha-level-signifikan-untuk-alpha-default--005-nilai-kritikal-1645-lihat-normal-table\">Nilai kritikal ditentukan oleh alpha (level signifikan). untuk alpha default = 0.05, nilai kritikal 1.645 (Lihat normal table)</h2>\n<p>Untuk two-tail, nilai alpha dibagi dua. By default kritikal di kiri -1.96, di kanan 1.96</p>\n<p><img alt=\"Uji Z (one-tail) untuk Mean (stddev diketahui)\" src=\"https://storage.googleapis.com/zydhan-web.appspot.com/uji-z-one-tail-untuk-mean-stddev-diketahui.webp\"></p>\n<p><img alt=\"Uji Z (one-tail) untuk Mean (stddev tidak diketahui)\" src=\"https://storage.googleapis.com/zydhan-web.appspot.com/t-value.webp\"></p>\n<h2 id=\"rejection-region\">Rejection region</h2>\n<p><img alt=\"One-tail rejection region\" src=\"https://storage.googleapis.com/zydhan-web.appspot.com/rejection-region-1.webp\"></p>\n<h2 id=\"uji-p-value\">Uji p-value</h2>\n<p>Tinggal test saja apakah P(Z) &gt;= alpha. Kalo iya, h0 diterima.</p>\n<h2 id=\"confidence-interval-kalau-stddev-tidak-diketahui-ganti-z-dengan-t\">Confidence interval (kalau stddev tidak diketahui, ganti Z dengan t)</h2>\n<p><img alt=\"Confidence interval diketahui\" src=\"https://storage.googleapis.com/zydhan-web.appspot.com/confidence-interval.webp\"></p>\n"
}]