[{
  "_id": {
    "$oid": "604b4da35eb90938bc98f4ac"
  },
  "filename": "gambar-biner",
  "description": "Testing upload image engine",
  "path": "https://storage.googleapis.com/zydhan-web.appspot.com/gambar-biner.webp"
},{
  "_id": {
    "$oid": "604b8d0e399ad10015e32c74"
  },
  "filename": "buku",
  "description": "Ya buku",
  "attribution": "",
  "path": "https://storage.googleapis.com/zydhan-web.appspot.com/buku.webp"
},{
  "_id": {
    "$oid": "604b8f3766e02842d48716b3"
  },
  "filename": "mencolot",
  "description": "Testing upload image engine",
  "attribution": "",
  "path": "https://storage.googleapis.com/zydhan-web.appspot.com/mencolot.webp"
},{
  "_id": {
    "$oid": "604b900af6dfc10015647ba4"
  },
  "filename": "npc",
  "description": "enpisi",
  "attribution": "",
  "path": "https://storage.googleapis.com/zydhan-web.appspot.com/npc.webp"
},{
  "_id": {
    "$oid": "6054d2bb680c92001531cf96"
  },
  "filename": "kedalaman-2-iterative-deepening-search-tugas-2-kb-e",
  "description": "Sebuah gambar utuh agar HD",
  "attribution": "",
  "path": "https://storage.googleapis.com/zydhan-web.appspot.com/kedalaman-2-iterative-deepening-search-tugas-2-kb-e.webp"
},{
  "_id": {
    "$oid": "6054d772680c92001531cf98"
  },
  "filename": "kedalaman-3-iterative-deepening-search-tugas-2-kb-e",
  "description": "Sebuah gambar utuh agar HD",
  "attribution": "",
  "path": "https://storage.googleapis.com/zydhan-web.appspot.com/kedalaman-3-iterative-deepening-search-tugas-2-kb-e.webp"
},{
  "_id": {
    "$oid": "6054d8ec680c92001531cf9a"
  },
  "filename": "kedalaman-3-iterative-deepening-search-tugas-2-kb-e-revisi",
  "description": "Sebuah gambar utuh agar HD",
  "attribution": "",
  "path": "https://storage.googleapis.com/zydhan-web.appspot.com/kedalaman-3-iterative-deepening-search-tugas-2-kb-e-revisi.webp"
},{
  "_id": {
    "$oid": "6054e7571bc1100015997d5e"
  },
  "filename": "kedalaman-4-iterative-deepening-search-tugas-2-kb-e",
  "description": "Sebuah gambar utuh agar HD",
  "attribution": "",
  "path": "https://storage.googleapis.com/zydhan-web.appspot.com/kedalaman-4-iterative-deepening-search-tugas-2-kb-e.webp"
},{
  "_id": {
    "$oid": "6054e7dc1bc1100015997d60"
  },
  "filename": "kedalaman-5-iterative-deepening-search-tugas-2-kb-e",
  "description": "Sebuah gambar utuh agar HD",
  "attribution": "",
  "path": "https://storage.googleapis.com/zydhan-web.appspot.com/kedalaman-5-iterative-deepening-search-tugas-2-kb-e.webp"
},{
  "_id": {
    "$oid": "605605fd78f3240015394cb2"
  },
  "filename": "breadth-first-search",
  "description": "Sebuah gambar utuh agar HD",
  "attribution": "Saya sendiri sama pencipta BFS",
  "path": "https://storage.googleapis.com/zydhan-web.appspot.com/breadth-first-search.webp"
},{
  "_id": {
    "$oid": "60560a8a78f3240015394cb6"
  },
  "filename": "ids-depth-2",
  "description": "Sebuah gambar utuh agar HD",
  "attribution": "",
  "path": "https://storage.googleapis.com/zydhan-web.appspot.com/ids-depth-2.webp"
},{
  "_id": {
    "$oid": "60560fc678f3240015394cbc"
  },
  "filename": "ids-depth-4",
  "description": "Sebuah gambar utuh agar HD",
  "attribution": "",
  "path": "https://storage.googleapis.com/zydhan-web.appspot.com/ids-depth-4.webp"
},{
  "_id": {
    "$oid": "6056113778f3240015394cbe"
  },
  "filename": "ids-depth-5",
  "description": "Sebuah gambar utuh agar HD",
  "attribution": "",
  "path": "https://storage.googleapis.com/zydhan-web.appspot.com/ids-depth-5.webp"
},{
  "_id": {
    "$oid": "6056123a78f3240015394cc0"
  },
  "filename": "ids-depth-1",
  "description": "Sebuah gambar utuh agar HD",
  "attribution": "",
  "path": "https://storage.googleapis.com/zydhan-web.appspot.com/ids-depth-1.webp"
},{
  "_id": {
    "$oid": "6056184478f3240015394cc3"
  },
  "filename": "bidirectional-search-from-start",
  "description": "Sebuah gambar utuh agar HD",
  "attribution": "",
  "path": "https://storage.googleapis.com/zydhan-web.appspot.com/bidirectional-search-from-start.webp"
},{
  "_id": {
    "$oid": "6056184c78f3240015394cc4"
  },
  "filename": "bidirectional-search-from-goal",
  "description": "Sebuah gambar utuh agar HD",
  "attribution": "",
  "path": "https://storage.googleapis.com/zydhan-web.appspot.com/bidirectional-search-from-goal.webp"
},{
  "_id": {
    "$oid": "60561b1d78f3240015394cc8"
  },
  "filename": "ids-depth-3",
  "description": "Sebuah gambar utuh agar HD",
  "attribution": "",
  "path": "https://storage.googleapis.com/zydhan-web.appspot.com/ids-depth-3.webp"
},{
  "_id": {
    "$oid": "6064831edaecdc00153d987e"
  },
  "filename": "soal-3a-terminal",
  "description": "Sebuah gambar utuh agar HD",
  "attribution": "",
  "path": "https://storage.googleapis.com/zydhan-web.appspot.com/soal-3a-terminal.webp"
},{
  "_id": {
    "$oid": "6064832bdaecdc00153d987f"
  },
  "filename": "soal-3a-file",
  "description": "Sebuah gambar utuh agar HD",
  "attribution": "",
  "path": "https://storage.googleapis.com/zydhan-web.appspot.com/soal-3a-file.webp"
},{
  "_id": {
    "$oid": "6064839bdaecdc00153d9881"
  },
  "filename": "soal-3b-file",
  "description": "Sebuah gambar utuh agar HD",
  "attribution": "",
  "path": "https://storage.googleapis.com/zydhan-web.appspot.com/soal-3b-file.webp"
},{
  "_id": {
    "$oid": "606483b7daecdc00153d9884"
  },
  "filename": "soal-3b-terminal",
  "description": "Sebuah gambar utuh agar HD",
  "attribution": "",
  "path": "https://storage.googleapis.com/zydhan-web.appspot.com/soal-3b-terminal.webp"
},{
  "_id": {
    "$oid": "606483cbdaecdc00153d9886"
  },
  "filename": "soal-3b-crontab",
  "description": "Sebuah gambar utuh agar HD",
  "attribution": "",
  "path": "https://storage.googleapis.com/zydhan-web.appspot.com/soal-3b-crontab.webp"
},{
  "_id": {
    "$oid": "606483dedaecdc00153d9888"
  },
  "filename": "soal-3c-terminal-kelinci",
  "description": "Sebuah gambar utuh agar HD",
  "attribution": "",
  "path": "https://storage.googleapis.com/zydhan-web.appspot.com/soal-3c-terminal-kelinci.webp"
},{
  "_id": {
    "$oid": "606483f3daecdc00153d9889"
  },
  "filename": "soal-3c-terminal-kucing",
  "description": "Sebuah gambar utuh agar HD",
  "attribution": "",
  "path": "https://storage.googleapis.com/zydhan-web.appspot.com/soal-3c-terminal-kucing.webp"
},{
  "_id": {
    "$oid": "60648411daecdc00153d988a"
  },
  "filename": "soal-3c-file",
  "description": "Sebuah gambar utuh agar HD",
  "attribution": "",
  "path": "https://storage.googleapis.com/zydhan-web.appspot.com/soal-3c-file.webp"
},{
  "_id": {
    "$oid": "60648510daecdc00153d988d"
  },
  "filename": "soal-3d-terminal",
  "description": "Sebuah gambar utuh agar HD",
  "attribution": "",
  "path": "https://storage.googleapis.com/zydhan-web.appspot.com/soal-3d-terminal.webp"
},{
  "_id": {
    "$oid": "60648524daecdc00153d988f"
  },
  "filename": "soal-3d-file",
  "description": "Sebuah gambar utuh agar HD",
  "attribution": "",
  "path": "https://storage.googleapis.com/zydhan-web.appspot.com/soal-3d-file.webp"
},{
  "_id": {
    "$oid": "60648540daecdc00153d9891"
  },
  "filename": "soal-3e-crontab",
  "description": "Sebuah gambar utuh agar HD",
  "attribution": "",
  "path": "https://storage.googleapis.com/zydhan-web.appspot.com/soal-3e-crontab.webp"
},{
  "_id": {
    "$oid": "60648554daecdc00153d9893"
  },
  "filename": "soal-3e-terminal",
  "description": "Sebuah gambar utuh agar HD",
  "attribution": "",
  "path": "https://storage.googleapis.com/zydhan-web.appspot.com/soal-3e-terminal.webp"
},{
  "_id": {
    "$oid": "60648579daecdc00153d9895"
  },
  "filename": "soal-3e-file",
  "description": "Sebuah gambar utuh agar HD",
  "attribution": "",
  "path": "https://storage.googleapis.com/zydhan-web.appspot.com/soal-3e-file.webp"
},{
  "_id": {
    "$oid": "606485a0daecdc00153d9896"
  },
  "filename": "soal-3e-crontab-compress",
  "description": "Sebuah gambar utuh agar HD",
  "attribution": "",
  "path": "https://storage.googleapis.com/zydhan-web.appspot.com/soal-3e-crontab-compress.webp"
},{
  "_id": {
    "$oid": "60e66679a7123d7543f19d0a"
  },
  "filename": "uji-z-one-tail-untuk-mean-stddev-diketahui",
  "description": "Sebuah gambar utuh agar HD",
  "attribution": "",
  "path": "https://storage.googleapis.com/zydhan-web.appspot.com/uji-z-one-tail-untuk-mean-stddev-diketahui.webp"
},{
  "_id": {
    "$oid": "60e66918a7123d7543f19d0e"
  },
  "filename": "rejection-region-1",
  "description": "Sebuah gambar utuh agar HD",
  "attribution": "",
  "path": "https://storage.googleapis.com/zydhan-web.appspot.com/rejection-region-1.webp"
},{
  "_id": {
    "$oid": "60e66bd6a7123d7543f19d10"
  },
  "filename": "confidence-interval",
  "description": "confidence interval",
  "attribution": "",
  "path": "https://storage.googleapis.com/zydhan-web.appspot.com/confidence-interval.webp"
},{
  "_id": {
    "$oid": "60e66ca0a7123d7543f19d12"
  },
  "filename": "t-value",
  "description": "t-value",
  "attribution": "",
  "path": "https://storage.googleapis.com/zydhan-web.appspot.com/t-value.webp"
}]